[
  {
    "Title": "Shole",
    "Year": 1990,
    "Color": true,
    "Actors": [
      "Dharamender",
      "Amitabh",
      "Hemamalini",
      "Sanjeev Kumar",
      "Gabbar Singh"
    ]
  },
  
  {
    "Title": "Bajrangi Bhaijan",
    "Year": 2010,
    "Color": true,
    "Actors": [
      "Salman",
      "Nawajudin Sidqui",
      "Little Girl"
    ]
  },
  {
    "Title": "Muggle Azam",
    "Year": 1960,
    "Color": false,
    "Actors": [
      "Dilip",
      "Madhubala",
      "Pritvi Raj Kappor"
    ]
  },
  {
    "Title": "DDLJ",
    "Year": 2010,
    "Color": true,
    "Actors": [
      "Kajol",
      "Shahrukh",
      "Amrish Puri"
    ]
  }
]
